,id,Age,Height,Weight,Duration,Heart_Rate,Body_Temp,Calories
count,750000.0,750000.0,750000.0,750000.0,750000.0,750000.0,750000.0,750000.0
mean,374999.5,41.420404,174.69768546666666,75.145668,15.421014666666666,95.48399465764,40.03625318080532,88.28278133333333
std,216506.49528388228,15.175048847356774,12.824495661028045,13.982703512561239,8.354095425106202,9.449845358526646,0.7798745572760215,62.39534902771201
min,0.0,20.0,126.0,36.0,1.0,67.0,37.1,1.0
25%,187499.75,28.0,164.0,63.0,8.0,88.0,39.6,34.0
50%,374999.5,40.0,174.0,74.0,15.0,95.0,40.3,77.0
75%,562499.25,52.0,185.0,87.0,23.0,103.0,40.7,136.0
max,749999.0,79.0,222.0,132.0,30.0,128.0,41.5,314.0
